casa,home,https://upload.wikimedia.org/wikipedia/commons/thumb/c/c7/Chicago_bungalow.jpg/501px-Chicago_bungalow.jpg,https://upload.wikimedia.org/wikipedia/commons/b/be/Es-bo-casa.oga,cah-sa
leer,read,https://images.pexels.com/photos/373465/pexels-photo-373465.jpeg?auto=compress&cs=tinysrgb&w=1260&h=750&dpr=2,https://upload.wikimedia.org/wikipedia/commons/3/36/LL-Q1321_%28spa%29-AdrianAbdulBaha-leer.wav,lay-air
mano,hand,https://upload.wikimedia.org/wikipedia/commons/thumb/7/7e/Hand_male_both_sides.jpg/1920px-Hand_male_both_sides.jpg,https://upload.wikimedia.org/wikipedia/commons/6/6c/LL-Q1321_%28spa%29-Rodelar-mano.wav,mah-no
tierra,land/Earth,https://images.pexels.com/photos/87651/earth-blue-planet-globe-planet-87651.jpeg?cs=srgb&dl=pexels-pixabay-87651.jpg&fm=jpg,https://upload.wikimedia.org/wikipedia/commons/1/12/LL-Q1321_%28spa%29-Rodelar-tierra.wav,tee-ay-rrah
hombres,men,https://images.pexels.com/photos/12790666/pexels-photo-12790666.jpeg?auto=compress&cs=tinysrgb&w=1260&h=750&dpr=2,https://upload.wikimedia.org/wikipedia/commons/a/a1/LL-Q1321_%28spa%29-AdrianAbdulBaha-hombres.wav,ohm-breh
luz,light,https://upload.wikimedia.org/wikipedia/commons/f/fa/Prism_flat_rainbow_%28cropped%29.jpg,https://upload.wikimedia.org/wikipedia/commons/4/49/Pt-br-luz.ogg,loose
imagen,picture,https://upload.wikimedia.org/wikipedia/commons/8/8d/Jean-baptiste_corot%2C_corso_di_un_fiume%2C_1845-55_ca.jpg,https://upload.wikimedia.org/wikipedia/commons/b/b4/LL-Q1321_%28spa%29-AdrianAbdulBaha-imagen.wav,ee-mah-hehn
animal,animal,https://upload.wikimedia.org/wikipedia/commons/1/14/Animal_diversity.png,https://upload.wikimedia.org/wikipedia/commons/8/8c/LL-Q1321_%28spa%29-Millars-animal.wav,an-ah-mal
madre,mother,https://upload.wikimedia.org/wikipedia/commons/8/8d/Mother_and_children._Mahabalipuram.jpg,https://upload.wikimedia.org/wikipedia/commons/f/fd/Es-madre-bo-La_Paz.ogg,mah-drey
construir,build,https://upload.wikimedia.org/wikipedia/commons/thumb/7/77/Workers_bend_reinforcing_bar%2C_or_rebar%2C_to_strengthen_concrete_for_a_facility_that_will_house_372_students_as_part_of_the_Herat_University_Women%27s_Dormitory_Project_in_Herat_province%2C_Afghanistan%2C_March_11_140311-A-DT641-067.jpg/1200px-thumbnail.jpg,https://upload.wikimedia.org/wikipedia/commons/f/f5/Pt-br-construir.oga,cons-tweer
viejo,old,https://upload.wikimedia.org/wikipedia/commons/thumb/e/ee/Habibaadansalat.jpg/1920px-Habibaadansalat.jpg,https://upload.wikimedia.org/wikipedia/commons/c/c4/LL-Q1321_%28spa%29-Rodelar-viejo.wav,bee-ay-hoh
escribir,write,https://upload.wikimedia.org/wikipedia/commons/9/94/Writing.JPG,https://upload.wikimedia.org/wikipedia/commons/8/85/LL-Q1321_%28spa%29-AdrianAbdulBaha-escribir.wav,ees-kree-beer
sonar,sound,https://upload.wikimedia.org/wikipedia/commons/6/68/Loudness_perception_v5.gif,https://upload.wikimedia.org/wikipedia/commons/0/05/LL-Q14185_%28oci%29-Davidgrosclaude-sonar.wav,soh-nahr
agua,water,https://upload.wikimedia.org/wikipedia/commons/5/5e/Water_drop_001.jpg,https://upload.wikimedia.org/wikipedia/commons/9/98/Es-am-lat-agua.ogg,ah-gwah
cabeza,head,https://upload.wikimedia.org/wikipedia/commons/4/44/Male_forehead-01_ies.jpg,https://upload.wikimedia.org/wikipedia/commons/0/06/Es-am-lat-cabeza.ogg,kah-bay-sah
escuela,school,https://upload.wikimedia.org/wikipedia/commons/a/af/Lyc%C3%A9ens_kati.jpg,https://easypronunciation.com/audio_hash/spanish_mexican/100/0f4f439fbc718c76254904f550cd6219.mp3,ehs-kweh-lah
planta,plant,https://upload.wikimedia.org/wikipedia/commons/3/31/Diversity_of_plants_%28Streptophyta%29_version_2.png,https://upload.wikimedia.org/wikipedia/commons/3/39/LL-Q1321_%28spa%29-AdrianAbdulBaha-planta.wav,plan-tah
alimentos,food,https://upload.wikimedia.org/wikipedia/commons/6/6d/Good_Food_Display_-_NCI_Visuals_Online.jpg,https://easypronunciation.com/audio_hash/spanish_mexican/100/b80563f18b58b8c48249a767684ced3d.mp3,ah-lee-men-toe
ojo,eye,https://upload.wikimedia.org/wikipedia/commons/8/8f/Human_eye_with_blood_vessels.jpg,https://upload.wikimedia.org/wikipedia/commons/1/1e/LL-Q1321_%28spa%29-Rodelar-ojo.wav,oh-hoh
ciudad,city,https://upload.wikimedia.org/wikipedia/commons/thumb/9/92/Kcsky.jpg/800px-Kcsky.jpg,https://upload.wikimedia.org/wikipedia/commons/7/79/Es-am-lat-ciudad.ogg,see-you-dad
árbol,tree,https://upload.wikimedia.org/wikipedia/commons/thumb/e/eb/Ash_Tree_-_geograph.org.uk_-_590710.jpg/440px-Ash_Tree_-_geograph.org.uk_-_590710.jpg,https://upload.wikimedia.org/wikipedia/commons/b/bc/LL-Q1321_%28spa%29-Rodelar-%C3%A1rbol.wav,ahr-bohl
cruzar,cross,https://upload.wikimedia.org/wikipedia/commons/thumb/8/87/Christian_cross.svg/1024px-Christian_cross.svg.png,https://www.collinsdictionary.com/sounds/hwd_sounds/ES-419-W0021230.mp3,crew-sahr
granja,farm,https://www.morningagclips.com/wp-content/uploads/2017/11/Farm.jpg,file:///Users/parker/Downloads/pronunciation_es_granja.mp3,grahn-hah
mar,sea,https://upload.wikimedia.org/wikipedia/commons/thumb/9/99/Sea.jpg/1280px-Sea.jpg,https://upload.wikimedia.org/wikipedia/commons/9/9b/LL-Q1321_%28spa%29-Rodelar-mar.wav,mar
norte,north,https://upload.wikimedia.org/wikipedia/commons/thumb/f/f8/Compass_Rose_English_North.svg/250px-Compass_Rose_English_North.svg.png,https://upload.wikimedia.org/wikipedia/commons/e/e7/LL-Q1321_%28spa%29-AdrianAbdulBaha-norte.wav,nohr-tay
libro,book,https://upload.wikimedia.org/wikipedia/commons/b/b6/Gutenberg_Bible%2C_Lenox_Copy%2C_New_York_Public_Library%2C_2009._Pic_01.jpg,https://upload.wikimedia.org/wikipedia/commons/c/c1/It-libro.ogg,lee-broh
ciencia,science,https://upload.wikimedia.org/wikipedia/commons/thumb/c/cf/Baffled_LIGO_Scientists.jpg/900px-Baffled_LIGO_Scientists.jpg,https://upload.wikimedia.org/wikipedia/commons/5/57/LL-Q1321_%28spa%29-AdrianAbdulBaha-ciencia.wav,see-in-see-ya
amigo,friend,https://upload.wikimedia.org/wikipedia/commons/thumb/5/58/2018_IMG_8253_Helsinki%2C_Finland_%2840249531641%29.jpg/800px-2018_IMG_8253_Helsinki%2C_Finland_%2840249531641%29.jpg,https://upload.wikimedia.org/wikipedia/commons/2/21/LL-Q1321_%28spa%29-AdrianAbdulBaha-amigo.wav,ah-mee-goh
peces,fish,https://upload.wikimedia.org/wikipedia/commons/thumb/8/8b/Perciformes_collage.jpg/800px-Perciformes_collage.jpg,https://easypronunciation.com/audio_hash/spanish_mexican/100/8af148655b09f0913b9e09e6b78eb926.mp3,pehth
caballo,horse,https://upload.wikimedia.org/wikipedia/commons/d/de/Nokota_Horses_cropped.jpg,https://easypronunciation.com/audio_hash/spanish_mexican/100/38261c07c2e294b4c1cf34c32f724df0.mp3,kah-bah-yoh
cortada,cut,https://upload.wikimedia.org/wikipedia/commons/9/98/Oww_Papercut_14365.jpg,file:///Users/parker/Downloads/pronunciation_es_cortado.mp3,kohr-tah-dah
colores,color,https://upload.wikimedia.org/wikipedia/commons/thumb/9/98/Color_circle_%28RGB%29.png/1200px-Color_circle_%28RGB%29.png?20221012002214,https://easypronunciation.com/audio_hash/spanish_mexican/100/2491390e38587f4f211cb7e8ffdd5040.mp3,koh-low-rehs
cara,face,https://upload.wikimedia.org/wikipedia/commons/thumb/9/98/Sobo_1909_260.png/500px-Sobo_1909_260.png,https://upload.wikimedia.org/wikipedia/commons/b/bd/Es-am-lat-cara.ogg,kah-rah
madera,wood,https://upload.wikimedia.org/wikipedia/commons/thumb/4/4b/16_wood_samples.jpg/700px-16_wood_samples.jpg,https://upload.wikimedia.org/wikipedia/commons/3/3b/LL-Q1321_%28spa%29-AdrianAbdulBaha-madera.wav,mah-day-rah
blanco,white,https://upload.wikimedia.org/wikipedia/commons/thumb/b/ba/Color_icon_white_v2.svg/768px-Color_icon_white_v2.svg.png,https://upload.wikimedia.org/wikipedia/commons/c/ce/Es-am-lat-blanco.ogg,blahn-koh
papel,paper,https://upload.wikimedia.org/wikipedia/commons/thumb/2/25/Various_products_made_from_paper.JPG/440px-Various_products_made_from_paper.JPG,https://upload.wikimedia.org/wikipedia/commons/e/ef/LL-Q1321_%28spa%29-AdrianAbdulBaha-papel.wav,pah-pehl
música,music,https://upload.wikimedia.org/wikipedia/commons/thumb/5/57/Treble_a.svg/1200px-Treble_a.svg.png,https://upload.wikimedia.org/wikipedia/commons/8/88/LL-Q1321_%28spa%29-AdrianAbdulBaha-m%C3%BAsica.wav,moo-see-kah
río,river,https://upload.wikimedia.org/wikipedia/commons/8/87/Rising-sun-indiana-ohio-river--from-above.jpg,https://easypronunciation.com/audio_hash/spanish_mexican/100/866e9dabe1c4aecd7684864d6e850b46.mp3,rree-oh
coche,car,https://upload.wikimedia.org/wikipedia/commons/thumb/e/eb/2011_Toyota_Corolla_--_NHTSA.jpg/2560px-2011_Toyota_Corolla_--_NHTSA.jpg,https://upload.wikimedia.org/wikipedia/commons/3/3b/Es-coche.wav,koh-cheh
rojo,red,https://upload.wikimedia.org/wikipedia/commons/3/37/Color_icon_red.png,https://upload.wikimedia.org/wikipedia/commons/7/76/LL-Q1321_%28spa%29-Rodelar-rojo.wav,rroh-hoh
pájaro,bird,https://upload.wikimedia.org/wikipedia/commons/a/a5/Parrot_montage.jpg,https://upload.wikimedia.org/wikipedia/commons/d/dd/LL-Q1321_%28spa%29-Millars-p%C3%A1jaro.wav,pah-hah-roh
perro,dog,https://upload.wikimedia.org/wikipedia/commons/thumb/d/d9/Collage_of_Nine_Dogs.jpg/1200px-Collage_of_Nine_Dogs.jpg,https://upload.wikimedia.org/wikipedia/commons/1/15/LL-Q1321_%28spa%29-Millars-perro.wav,peh-rroh
canción,song,https://upload.wikimedia.org/wikipedia/commons/thumb/5/57/Treble_a.svg/1200px-Treble_a.svg.png,https://upload.wikimedia.org/wikipedia/commons/0/06/LL-Q1321_%28spa%29-AdrianAbdulBaha-canci%C3%B3n.wav,cah-see-on
medir,measure,https://static.wikia.nocookie.net/frosted-heat-association/images/3/33/4915969081_89a76c75c4_b.jpg/revision/latest?cb=20190321050859,https://en.wiktionary.org/wiki/File:LL-Q1321_(spa)-AdrianAbdulBaha-medir.wav,meh-deer
puerta,door,https://upload.wikimedia.org/wikipedia/commons/thumb/d/d6/P1250574_Paris_V_rue_Malebranche_n3_porte_gothique_bis_encours.jpg/1024px-P1250574_Paris_V_rue_Malebranche_n3_porte_gothique_bis_encours.jpg,https://upload.wikimedia.org/wikipedia/commons/6/6b/LL-Q1321_%28spa%29-AdrianAbdulBaha-puerta.wav,pwehr-tah
negro,black,https://upload.wikimedia.org/wikipedia/commons/c/cc/Color_icon_black_new2.png,https://upload.wikimedia.org/wikipedia/commons/d/d5/LL-Q1321_%28spa%29-Rodelar-negro.wav,neh-grow
roca,rock,https://upload.wikimedia.org/wikipedia/commons/9/94/Archean_Greenstone_Pillow_Lava_in_Michigan_USA_3.jpg,https://easypronunciation.com/audio_hash/spanish_mexican/100/a8a7f96b40aacf02fcd06839896619e8.mp3,rroh-kah
fuego,fire,https://upload.wikimedia.org/wikipedia/commons/3/36/Large_bonfire.jpg,https://upload.wikimedia.org/wikipedia/commons/6/6c/LL-Q1321_%28spa%29-Rodelar-fuego.wav,fweh-goh
sur,south,https://upload.wikimedia.org/wikipedia/commons/8/83/CompassRose16_S.png,https://upload.wikimedia.org/wikipedia/commons/a/ac/LL-Q1321_%28spa%29-AdrianAbdulBaha-sur.wav,soor
rey,king,https://upload.wikimedia.org/wikipedia/commons/thumb/b/b5/Aachen_Domschatz_Bueste1.jpg/467px-Aachen_Domschatz_Bueste1.jpg,https://easypronunciation.com/audio_hash/spanish_mexican/100/90022fce9fc2df4fc2468880a6f8184b.mp3,rrey
calle,street,https://upload.wikimedia.org/wikipedia/commons/d/d7/A_street_scene_in_Cambridge._-_geograph.org.uk_-_288582.jpg,https://easypronunciation.com/audio_hash/spanish_mexican/100/44d2dfdd70ddc53cae803a6d10b65ba3.mp3,kah-lee
azul,blue,https://upload.wikimedia.org/wikipedia/commons/b/bd/Color_icon_blue.svg,https://easypronunciation.com/audio_hash/spanish_mexican/100/893d1c13930ab7a91df3ae57696eaf88.mp3,ah-sool
luna,moon,https://upload.wikimedia.org/wikipedia/commons/thumb/e/e1/FullMoon2010.jpg/1200px-FullMoon2010.jpg,https://upload.wikimedia.org/wikipedia/commons/8/87/LL-Q1321_%28spa%29-Rodelar-luna.wav,loo-nah
isla,island,https://upload.wikimedia.org/wikipedia/commons/thumb/5/58/Auckland_Islands_-_STS089-743-5.jpg/800px-Auckland_Islands_-_STS089-743-5.jpg,https://upload.wikimedia.org/wikipedia/commons/c/c7/LL-Q1321_%28spa%29-AdrianAbdulBaha-isla.wav,ees-lah
pie,foot,https://upload.wikimedia.org/wikipedia/commons/8/85/Foot.jpg,https://easypronunciation.com/audio_hash/spanish_mexican/100/b018ec34200fd32e0c3e49c3b193774c.mp3,pee-ay
barco,boat,https://upload.wikimedia.org/wikipedia/commons/thumb/d/d9/Motorboat_at_Kankaria_lake.JPG/1920px-Motorboat_at_Kankaria_lake.JPG,https://upload.wikimedia.org/wikipedia/commons/e/ee/LL-Q1321_%28spa%29-AdrianAbdulBaha-barco.wav,bahr-koh
oro,gold,https://upload.wikimedia.org/wikipedia/commons/thumb/6/69/Gold_nugget_%28Australia%29_4_%2816848647509%29.jpg/1920px-Gold_nugget_%28Australia%29_4_%2816848647509%29.jpg,https://upload.wikimedia.org/wikipedia/commons/7/77/LL-Q1321_%28spa%29-Millars-oro.wav,oh-roh
juego,game,https://upload.wikimedia.org/wikipedia/commons/thumb/c/c3/Chess_board_opening_staunton.jpg/800px-Chess_board_opening_staunton.jpg,https://easypronunciation.com/audio_hash/spanish_mexican/100/efceca798b870070053ccda2c1a0c938.mp3,hweh-goh
nieve,snow,https://upload.wikimedia.org/wikipedia/commons/thumb/d/d7/Snowflake_macro_photography_1.jpg/1920px-Snowflake_macro_photography_1.jpg,https://upload.wikimedia.org/wikipedia/commons/b/b2/LL-Q1321_%28spa%29-Rodelar-nieve.wav,nyeh-bay
neumáticos,tire,https://upload.wikimedia.org/wikipedia/commons/thumb/6/6c/Assorted_stacked_automotive_tires.jpg/1200px-Assorted_stacked_automotive_tires.jpg,file:///Users/parker/Downloads/pronunciation_es_neuma%CC%81ticos.mp3,neyoo-mah-tee-koh
al este,east,https://upload.wikimedia.org/wikipedia/commons/thumb/7/7d/Compass_Rose_English_East.svg/800px-Compass_Rose_English_East.svg.png,https://es-audio.howtopronounce.com/15801547975e2f3fad29807.mp3,al eh-stay
volar,fly,https://upload.wikimedia.org/wikipedia/commons/5/5e/Flying-birds.jpg,https://upload.wikimedia.org/wikipedia/commons/6/62/LL-Q1321_%28spa%29-Rodelar-volar.wav,bow-lahr
grito,cry,https://upload.wikimedia.org/wikipedia/commons/thumb/0/08/USMC-04952.jpg/600px-USMC-04952.jpg,https://upload.wikimedia.org/wikipedia/commons/1/1b/LL-Q1321_%28spa%29-AdrianAbdulBaha-grito.wav,gree-toh
máquina,machine,https://upload.wikimedia.org/wikipedia/commons/thumb/8/8e/FlickGrinder.jpg/1200px-FlickGrinder.jpg,https://upload.wikimedia.org/wikipedia/commons/c/cf/LL-Q1321_%28spa%29-AdrianAbdulBaha-m%C3%A1quina.wav,mah-key-nah
caja,box,https://upload.wikimedia.org/wikipedia/commons/thumb/e/eb/Box.agr.jpg/1200px-Box.agr.jpg,https://upload.wikimedia.org/wikipedia/commons/9/9c/LL-Q1321_%28spa%29-AdrianAbdulBaha-caja.wav,kah-hah
campo,field,https://upload.wikimedia.org/wikipedia/commons/thumb/6/6d/Orlando_Stadium.jpg/800px-Orlando_Stadium.jpg,https://upload.wikimedia.org/wikipedia/commons/b/b5/Es-am-lat-campo.ogg,cam-poh
belleza,beauty,https://upload.wikimedia.org/wikipedia/commons/thumb/4/46/Astrid_Andersen_01.jpg/440px-Astrid_Andersen_01.jpg,https://upload.wikimedia.org/wikipedia/commons/a/ac/LL-Q1321_%28spa%29-AdrianAbdulBaha-belleza.wav,bey-yeh-thah
verde,green,https://upload.wikimedia.org/wikipedia/commons/thumb/8/87/Color_icon_green.png/1200px-Color_icon_green.png,https://upload.wikimedia.org/wikipedia/commons/b/b8/LL-Q1321_%28spa%29-Rodelar-verde.wav,bare-day
oeste,west,https://upload.wikimedia.org/wikipedia/commons/a/a0/Compass_Rose_English_West.svg,https://upload.wikimedia.org/wikipedia/commons/7/79/LL-Q1321_%28spa%29-AdrianAbdulBaha-oeste.wav,oh-eh-stay
mesa,table,https://upload.wikimedia.org/wikipedia/commons/8/8d/Folding_table.jpg,https://easypronunciation.com/audio_hash/spanish_mexican/100/2071b328e75a266d60534113b943cacc.mp3,mey-sah
guerra,war,https://upload.wikimedia.org/wikipedia/commons/9/96/Approaching_Omaha.jpg,https://upload.wikimedia.org/wikipedia/commons/9/90/LL-Q1321_%28spa%29-AdrianAbdulBaha-guerra.wav,geh-rrah
amar,love,https://upload.wikimedia.org/wikipedia/commons/c/cf/High_Line_Nyc_Marriage_Proposal.jpg,https://upload.wikimedia.org/wikipedia/commons/7/7a/LL-Q1321_%28spa%29-AdrianAbdulBaha-amar.wav,ah-mahr
dinero,money,https://upload.wikimedia.org/wikipedia/commons/d/d4/Money-Euro-USD-LEI_53073-480x360_%284791385567%29.jpg,https://upload.wikimedia.org/wikipedia/commons/8/83/LL-Q1321_%28spa%29-AdrianAbdulBaha-dinero.wav,dee-neh-roh
lluvia,rain,https://upload.wikimedia.org/wikipedia/commons/thumb/6/65/Hard_rain_on_a_roof.jpg/520px-Hard_rain_on_a_roof.jpg,https://upload.wikimedia.org/wikipedia/commons/9/99/LL-Q1321_%28spa%29-Rodelar-lluvia.wav,jew-byah
Halar,pull,https://upload.wikimedia.org/wikipedia/commons/a/a3/Irish_600kg_euro_chap_2009_%28cropped%29.JPG,file:///Users/parker/Downloads/pronunciation_es_halar.mp3,ah-lahr
caza,hunt,https://upload.wikimedia.org/wikipedia/commons/thumb/3/3a/Bushmen_hunters_%28cropped%29.png/1024px-Bushmen_hunters_%28cropped%29.png,https://upload.wikimedia.org/wikipedia/commons/6/6a/LL-Q1321_%28spa%29-AdrianAbdulBaha-caza.wav,kah-sah
cama,bed,https://upload.wikimedia.org/wikipedia/commons/a/a2/Trundle_bed.jpg,https://upload.wikimedia.org/wikipedia/commons/f/f5/Es-am-lat-cama.ogg,kah-mah
hielo,ice,https://upload.wikimedia.org/wikipedia/commons/thumb/9/9e/Ice_cubes_openphoto.jpg/640px-Ice_cubes_openphoto.jpg,https://upload.wikimedia.org/wikipedia/commons/1/12/Es-hielo.ogg,yeh-low
bola,ball,https://upload.wikimedia.org/wikipedia/commons/thumb/9/91/Ball%2C_%E0%B4%AA%E0%B4%A8%E0%B5%8D%E0%B4%A4%E0%B5%8D.JPG/1200px-Ball%2C_%E0%B4%AA%E0%B4%A8%E0%B5%8D%E0%B4%A4%E0%B5%8D.JPG,https://upload.wikimedia.org/wikipedia/commons/0/09/LL-Q1321_%28spa%29-AdrianAbdulBaha-bola.wav,boh-lah
corazón,heart,https://upload.wikimedia.org/wikipedia/commons/thumb/f/f1/Heart_coraz%C3%B3n.svg/1200px-Heart_coraz%C3%B3n.svg.png,https://upload.wikimedia.org/wikipedia/commons/5/5f/Es-am-lat-coraz%C3%B3n.ogg,koh-rah-son
bosque,forest,https://upload.wikimedia.org/wikipedia/commons/e/e7/Flickr_-_Nicholas_T_-_Lofty.jpg,https://upload.wikimedia.org/wikipedia/commons/f/f7/LL-Q1321_%28spa%29-Rodelar-bosque.wav,bohs-kay
sentarse,sit,https://upload.wikimedia.org/wikipedia/commons/d/de/Wikikuva.jpg,https://upload.wikimedia.org/wikipedia/commons/9/9c/LL-Q1321_%28spa%29-Rodelar-sentarse.wav,sehn-tar-say
carrera,race,https://upload.wikimedia.org/wikipedia/commons/thumb/d/d6/NASCAR_practice.jpg/640px-NASCAR_practice.jpg,https://easypronunciation.com/audio_hash/spanish_mexican/100/ad64b90822b069dd419b7c4887022e2b.mp3,kah-ray-rah
sueño,sleep,https://upload.wikimedia.org/wikipedia/commons/thumb/4/43/Albert_Anker_-_Schlafendes_M%C3%A4dchen_auf_einer_Holzbank.jpg/930px-Albert_Anker_-_Schlafendes_M%C3%A4dchen_auf_einer_Holzbank.jpg,audio_hash/spanish_mexican/100/a154ea63bbeb879ac39446538c7db699.mp3,sweh-nyoh
pierna,leg,https://upload.wikimedia.org/wikipedia/commons/0/09/Gray1240.png,https://upload.wikimedia.org/wikipedia/commons/e/ef/LL-Q1321_%28spa%29-Rodelar-pierna.wav,pee-air-nah
invierno,winter,https://upload.wikimedia.org/wikipedia/commons/b/b0/Winter_forest_silver.jpg,https://upload.wikimedia.org/wikipedia/commons/1/16/LL-Q1321_%28spa%29-AdrianAbdulBaha-invierno.wav,een-byehr-noh
instrumento,instrument,https://upload.wikimedia.org/wikipedia/commons/6/61/Attributes_of_Music.jpg,https://easypronunciation.com/audio_hash/spanish_mexican/100/1f9af4b6d3452b8a7041ed6bb6cda0fd.mp3,eens-troo-mehn-toh
vidrio,glass,https://upload.wikimedia.org/wikipedia/commons/thumb/a/a8/Leonard_French_La_Trobe_05.jpg/1920px-Leonard_French_La_Trobe_05.jpg,https://upload.wikimedia.org/wikipedia/commons/6/69/LL-Q1321_%28spa%29-AdrianAbdulBaha-vidrio.wav,bee-dree-oh
hierba,grass,https://upload.wikimedia.org/wikipedia/commons/b/bd/Emeraldzoysia1.jpg,https://upload.wikimedia.org/wikipedia/commons/8/8c/LL-Q1321_%28spa%29-Rodelar-hierba.wav,yehr-bah
semilla,seed,https://upload.wikimedia.org/wikipedia/commons/3/39/Sunflower_Seeds_Kaldari.jpg,https://upload.wikimedia.org/wikipedia/commons/7/77/LL-Q1321_%28spa%29-Rodelar-semilla.wav,seh-mee-yah
sangre,blood,https://upload.wikimedia.org/wikipedia/commons/thumb/6/61/Blood.jpg/1254px-Blood.jpg,https://upload.wikimedia.org/wikipedia/commons/d/d4/LL-Q1321_%28spa%29-Rodelar-sangre.wav,sahn-gray
marrón,brown,https://upload.wikimedia.org/wikipedia/commons/thumb/0/0e/Color_icon_brown_v2.svg/1200px-Color_icon_brown_v2.svg.png,https://upload.wikimedia.org/wikipedia/commons/a/ab/LL-Q1321_%28spa%29-AdrianAbdulBaha-marr%C3%B3n.wav,mah-rrohn
jardín,garden,https://upload.wikimedia.org/wikipedia/commons/thumb/2/2b/Flower_garden%2C_Botanic_Gardens%2C_Churchtown_2.JPG/1200px-Flower_garden%2C_Botanic_Gardens%2C_Churchtown_2.JPG,https://upload.wikimedia.org/wikipedia/commons/2/2f/LL-Q1321_%28spa%29-AdrianAbdulBaha-jard%C3%ADn.wav,har-deen
oído,ear,https://upload.wikimedia.org/wikipedia/commons/thumb/e/ed/Human_right_ear_%28cropped%29.jpg/1200px-Human_right_ear_%28cropped%29.jpg,https://upload.wikimedia.org/wikipedia/commons/2/29/LL-Q1321_%28spa%29-Eavqwiki-o%C3%ADdo.wav,oh-ee-doh
matar,kill,https://upload.wikimedia.org/wikipedia/commons/thumb/8/86/Jakub_Schikaneder_-_Murder_in_the_House.JPG/1920px-Jakub_Schikaneder_-_Murder_in_the_House.JPG,https://upload.wikimedia.org/wikipedia/commons/1/1c/LL-Q1321_%28spa%29-Rodelar-matar.wav,mah-tahr
lago,lake,https://upload.wikimedia.org/wikipedia/commons/thumb/a/ab/Gentau_Pic_du_Midi_Ossau.jpg/1200px-Gentau_Pic_du_Midi_Ossau.jpg,https://upload.wikimedia.org/wikipedia/commons/b/b6/LL-Q1321_%28spa%29-Rodelar-lago.wav,lah-goh
leche,milk,https://upload.wikimedia.org/wikipedia/commons/thumb/e/e2/A2_brand_milk.jpg/1200px-A2_brand_milk.jpg,https://easypronunciation.com/audio_hash/spanish_mexican/100/b04f85aad123208806de586f1830657c.mp3,lee-chey
ascenso,climb,https://upload.wikimedia.org/wikipedia/commons/thumb/8/8c/Pedra_do_Bau_-_Negative_climbing_2.jpg/640px-Pedra_do_Bau_-_Negative_climbing_2.jpg,file:///Users/parker/Downloads/pronunciation_es_ascenso.mp3,ah-sen-so
agujero,hole,https://upload.wikimedia.org/wikipedia/commons/thumb/3/3a/Hole_in_wood.jpg/440px-Hole_in_wood.jpg,https://upload.wikimedia.org/wikipedia/commons/2/2b/LL-Q1321_%28spa%29-AdrianAbdulBaha-agujero.wav,ah-goo-heh-roh
saltar,jump,https://upload.wikimedia.org/wikipedia/commons/thumb/c/cc/Hometrampoline.jpg/1920px-Hometrampoline.jpg,https://upload.wikimedia.org/wikipedia/commons/1/10/LL-Q1321_%28spa%29-AdrianAbdulBaha-saltar.wav,sahl-tahr
pueblo,village,https://upload.wikimedia.org/wikipedia/commons/1/1c/Nakpanduri_village_center.jpg,https://easypronunciation.com/audio_hash/spanish_mexican/100/9cde827362f9eb14ec864fe90c0d7169.mp3,pweh-bloh
pelo,hair,https://upload.wikimedia.org/wikipedia/commons/thumb/e/e4/Wadowice%2C_Poland_%28Unsplash%29.jpg/800px-Wadowice%2C_Poland_%28Unsplash%29.jpg,https://easypronunciation.com/audio_hash/spanish_mexican/100/7c2f9328814e5d5462edbc0996942d13.mp3,peh-loh
cocinero,cook,https://upload.wikimedia.org/wikipedia/commons/thumb/0/00/Barbecued_meats.jpg/640px-Barbecued_meats.jpg,https://upload.wikimedia.org/wikipedia/commons/6/63/LL-Q1321_%28spa%29-AdrianAbdulBaha-cocinero.wav,koh-shey-neh-roh
lucha,fight,https://upload.wikimedia.org/wikipedia/commons/thumb/3/31/JJS_Karate_Kids_on_Training.jpg/1920px-JJS_Karate_Kids_on_Training.jpg,https://upload.wikimedia.org/wikipedia/commons/c/c1/LL-Q1321_%28spa%29-AdrianAbdulBaha-lucha.wav,loo-chah
fruta,fruit,https://upload.wikimedia.org/wikipedia/commons/6/6e/Fruits.png,https://upload.wikimedia.org/wikipedia/commons/f/f0/LL-Q1321_%28spa%29-Rodelar-fruta.wav,frew-ta
soldado,soldier,https://upload.wikimedia.org/wikipedia/commons/f/fc/ArmyacuOCP.jpg,file:///Users/parker/Downloads/pronunciation_es_soldado.mp3,sohl-dah-doh
médico,doctor,https://upload.wikimedia.org/wikipedia/commons/thumb/0/0c/Doctor_talking_with_a_patient.jpg/1280px-Doctor_talking_with_a_patient.jpg,https://upload.wikimedia.org/wikipedia/commons/1/19/LL-Q1321_%28spa%29-AdrianAbdulBaha-m%C3%A9dico.wav,meh-dee-koh
anillo,ring,https://upload.wikimedia.org/wikipedia/commons/b/b6/Ring_Ruby.jpg,https://upload.wikimedia.org/wikipedia/commons/b/b5/LL-Q1321_%28spa%29-AdrianAbdulBaha-anillo.wav,ah-knee-yoh
hueso,bone,https://upload.wikimedia.org/wikipedia/commons/c/c8/Left_femur_of_extinct_elephant%2C_Alaska%2C_Ice_Age_Wellcome_L0057714.jpg,https://upload.wikimedia.org/wikipedia/commons/3/3c/LL-Q1321_%28spa%29-Rodelar-hueso.wav,weh-soh
ferrocarril,rail,https://upload.wikimedia.org/wikipedia/commons/thumb/7/7e/Cathiron_WCML.jpg/1200px-Cathiron_WCML.jpg,https://upload.wikimedia.org/wikipedia/commons/d/dd/LL-Q1321_%28spa%29-AdrianAbdulBaha-ferrocarril.wav,feh-rroh-kah-rreel